Parameters,IDW,OK,IED,KED,PISCO
FC,1259.65739587125,944.34432901223,1289.28178635225,1375.16931413708,1062.02633042316
LP,0.999983137081607,0.999995324882003,0.99995315799024,0.999996547014485,0.999996609275805
beta,0.222799726138609,0.277623667471005,0.796308400467859,0.758841327941564,0.170498159588594
K0,0.312572728742379,0.327845221125449,0.327284332802092,0.356546974918469,0.400486238235581
K1,0.173524794298784,0.168933376634124,0.188331637901743,0.153809023688931,0.109779104451927
K2,0.0999465249860356,0.0987723026868949,0.0991739262526099,0.0994325715703296,0.0947253548382981
UZL,8.51701938459452,9.24767295999326,3.40911003580717,3.1300027504983,5.44888869816345
PERC,0.00123769722072446,0.00360245586416373,1.27013172216291,1.48681587153652,0.000406471165894101
