Parameters,IDW,OK,IED,KED,PISCO
par1,56.3066171665355,75.3323325174665,1373.68652277426,1541.54605039575,51.1661925879228
par2,1.41393983388306,1.76085195409559,1.29735243236299,1.34854174794877,1.96331125274201
par3,0.646006672986331,0.595649472733344,0.456812669657765,0.42875748739987,0.601618188600493
par4,18.041815157317,9.65354925906286,3.93649899033905,3.63213661548408,10.5540680253255
par5,1.2637277597884,1.23228064392426,1.09240649797706,1.07844427039622,1.20635337250924
