Parameters,IDW,OK,IED,KED,PISCO
X1,897.847291650418,909.746396202151,1573.4660203552,1559.10254089717,699.953620925857
X2,1.6375,1.58902535075408,1.26873925671441,1.28347262841368,1.70100838209841
